"RefName","SNAME","SSPECIFICCULTURE","SENGDISPLAYNAME","DEFAULTKEYBOARD"
"Afrikaans - South Africa","af-ZA","af-ZA","Afrikaans (South Africa)","00000436"
"Albanian - Albania","sq-AL","sq-AL","Albanian (Albania)","0000041c"
"Alsatian - France","gsw-FR","gsw-FR","Alsatian (France)","00000484"
"Amharic - Ethiopia","am-ET","am-ET","Amharic (Ethiopia)","0000045e"
"Arabic - Algeria","ar-DZ","ar-DZ","Arabic (Algeria)","00000409"
"Arabic - Bahrain","ar-BH","ar-BH","Arabic (Bahrain)","00000409"
"Arabic - Egypt","ar-EG","ar-EG","Arabic (Egypt)","00000409"
"Arabic - Iraq","ar-IQ","ar-IQ","Arabic (Iraq)","00000409"
"Arabic - Jordan","ar-JO","ar-JO","Arabic (Jordan)","00000409"
"Arabic - Kuwait","ar-KW","ar-KW","Arabic (Kuwait)","00000409"
"Arabic - Lebanon","ar-LB","ar-LB","Arabic (Lebanon)","00000409"
"Arabic - Libya","ar-LY","ar-LY","Arabic (Libya)","00000409"
"Arabic - Morocco","ar-MA","ar-MA","Arabic (Morocco)","00000409"
"Arabic - Oman","ar-OM","ar-OM","Arabic (Oman)","00000409"
"Arabic - Qatar","ar-QA","ar-QA","Arabic (Qatar)","00000409"
"Arabic - Saudi Arabia","ar-SA","ar-SA","Arabic (Saudi Arabia)","00000409"
"Arabic - Syria","ar-SY","ar-SY","Arabic (Syria)","00000409"
"Arabic - Tunisia","ar-TN","ar-TN","Arabic (Tunisia)","00000409"
"Arabic - U.A.E.","ar-AE","ar-AE","Arabic (U.A.E.)","00000409"
"Arabic - Yemen","ar-YE","ar-YE","Arabic (Yemen)","00000409"
"Armenian - Armenia","hy-AM","hy-AM","Armenian (Armenia)","0000042b"
"Assamese - India","as-IN","as-IN","Assamese (India)","0000044d"
"Azerbaijani - Azerbaijan (Cyrillic)","az-Cyrl-AZ","az-Cyrl-AZ","Azerbaijani (Cyrillic, Azerbaijan)","0000042c"
"Azerbaijani - Azerbaijan (Latin)","az-Latn-AZ","az-Latn-AZ","Azerbaijani (Latin, Azerbaijan)","0000042c"
"Bashkir - Russia","ba-RU","ba-RU","Bashkir (Russia)","00000419"
"Basque - Basque","eu-ES","eu-ES","Basque (Basque)","0000042d"
"Belarusian - Belarus","be-BY","be-BY","Belarusian (Belarus)","00000423"
"Bangla - Bangladesh","bn-BD","bn-BD","Bangla (Bangladesh)","00000445"
"Bangla - India (Bangla Script)","bn-IN","bn-IN","Bangla (India)","00000445"
"Bosnian - Bosnia (Cyrillic)","bs-Cyrl-BA","bs-Cyrl-BA","Bosnian (Cyrillic)","0000141a"
"Bosnian (Latin)","bs-Latn-BA","bs-Latn-BA","Bosnian (Latin)","0000141a"
"Breton - France","br-FR","br-FR","Breton (France)","0000047e"
"Bulgarian - Bulgaria","bg-BG","bg-BG","Bulgarian (Bulgaria)","00030402"
"Catalan - Catalan","ca-ES","ca-ES","Catalan (Catalan)","00000403"
"Chinese - Hong Kong","zh-HK","zh-HK","Chinese (Hong Kong S.A.R.)","00000404"
"Chinese - Macao","zh-MO","zh-MO","Chinese (Macao S.A.R.)","00000404"
"Chinese - PRC","zh-CN","zh-CN","Chinese (PRC)","00000804"
"Chinese - Simplified","zh-Hans","zh-Hans","Chinese (Simplified)","00000804"
"Chinese - Singapore","zh-SG","zh-SG","Chinese (Singapore)","00000804"
"Chinese - Taiwan","zh-TW","zh-TW","Chinese (Taiwan)","00000404"
"Chinese - Traditional","zh-Hant","zh-Hant","Chinese (Traditional)","00000404"
"Corsican - France","co-FR","co-FR","Corsican (France)","00000483"
"Croatian - Croatia","hr-HR","hr-HR","Croatian (Croatia)","0000041a"
"Croatian","hr-BA","hr-BA","Croatian (Latin)","0000041a"
"Czech - Czech Republic","cs-CZ","cs-CZ","Czech (Czech Republic)","00000405"
"Danish - Denmark","da-DK","da-DK","Danish (Denmark)","00000406"
"Dari - Afghanistan","prs-AF","prs-AF","Dari (Afghanistan)","0000048c"
"Divehi - Maldives","dv-MV","dv-MV","Divehi (Maldives)","00000465"
"Dutch - Belgium","nl-BE","nl-BE","Dutch (Belgium)","00000413"
"Dutch - Netherlands","nl-NL","nl-NL","Dutch (Netherlands)","00000413"
"English - Australia","en-AU","en-AU","English (Australia)","00000409"
"English - Belize","en-BZ","en-BZ","English (Belize)","00000409"
"English - Canada","en-CA","en-CA","English (Canada)","00000409"
"English - Caribbean","en-029","en-029","English (Caribbean)","00000409"
"English - India","en-IN","en-IN","English (India)","00000409"
"English - Ireland","en-IE","en-IE","English (Ireland)","00000409"
"English - Jamaica","en-JM","en-JM","English (Jamaica)","00000409"
"English - Malaysia","en-MY","en-MY","English (Malaysia)","00000409"
"English - New Zealand","en-NZ","en-NZ","English (New Zealand)","00000409"
"English - Philippines","en-PH","en-PH","English (Republic of the Philippines)","00000409"
"English - Singapore","en-SG","en-SG","English (Singapore)","00000409"
"English - South Africa","en-ZA","en-ZA","English (South Africa)","00000409"
"English - Trinidad","en-TT","en-TT","English (Trinidad and Tobago)","00000409"
"English - United Kingdom","en-GB","en-GB","English (United Kingdom)","00000409"
"English - United States","en-US","en-US","English (United States)","00000409"
"English - Zimbabwe","en-ZW","en-ZW","English (Zimbabwe)","00000409"
"Estonian - Estonia","et-EE","et-EE","Estonian (Estonia)","00000425"
"Faroese - Faroe Islands","fo-FO","fo-FO","Faroese (Faroe Islands)","00000438"
"Filipino - Philippines","fil-PH","fil-PH","Filipino (Philippines)","00000464"
"Finnish - Finland","fi-FI","fi-FI","Finnish (Finland)","0000040b"
"French - Belgium","fr-BE","fr-BE","French (Belgium)","0000040c"
"French - Canada","fr-CA","fr-CA","French (Canada)","0000040c"
"French - France","fr-FR","fr-FR","French (France)","0000040c"
"French - Luxembourg","fr-LU","fr-LU","French (Luxembourg)","0000040c"
"French - Monaco","fr-MC","fr-MC","French (Monaco)","0000040c"
"French - Switzerland","fr-CH","fr-CH","French (Switzerland)","0000040c"
"Frisian - Netherlands","fy-NL","fy-NL","Frisian (Netherlands)","00000462"
"Galician - Galician","gl-ES","gl-ES","Galician (Galician)","00000456"
"Georgian - Georgia","ka-GE","ka-GE","Georgian (Georgia)","00000437"
"German - Austria","de-AT","de-AT","German (Austria)","00000407"
"German - Germany","de-DE","de-DE","German (Germany)","00000407"
"German - Liechtenstein","de-LI","de-LI","German (Liechtenstein)","00000407"
"German - Luxembourg","de-LU","de-LU","German (Luxembourg)","00000407"
"German - Switzerland","de-CH","de-CH","German (Switzerland)","00000407"
"Greek - Greece","el-GR","el-GR","Greek (Greece)","00000409"
"Greenlandic - Greenland","kl-GL","kl-GL","Greenlandic (Greenland)","0000046f"
"Gujarati - India (Gujarati Script)","gu-IN","gu-IN","Gujarati (India)","00000447"
"Hausa (Latin) - Nigeria","ha-Latn-NG","ha-Latn-NG","Hausa (Latin, Nigeria)","00000468"
"Hebrew - Israel","he-IL","he-IL","Hebrew (Israel)","00000409"
"Hindi - India","hi-IN","hi-IN","Hindi (India)","00000439"
"Hungarian - Hungary","hu-HU","hu-HU","Hungarian (Hungary)","0000040e"
"Icelandic - Iceland","is-IS","is-IS","Icelandic (Iceland)","0000040f"
"Igbo - Nigeria","ig-NG","ig-NG","Igbo (Nigeria)","00000468"
"Indonesian - Indonesia","id-ID","id-ID","Indonesian (Indonesia)","00000421"
"Inuktitut (Latin) - Canada","iu-Latn-CA","iu-Latn-CA","Inuktitut (Latin, Canada)","0000085d"
"Inuktitut (Syllabics) - Canada","iu-Cans-CA","iu-Cans-CA","Inuktitut (Syllabics, Canada)","0000085d"
"Irish - Ireland","ga-IE","ga-IE","Irish (Ireland)","0000083c"
"isiXhosa / Xhosa - South Africa","xh-ZA","xh-ZA","isiXhosa (South Africa)","00000434"
"isiZulu / Zulu - South Africa","zu-ZA","zu-ZA","isiZulu (South Africa)","00000435"
"Italian - Italy","it-IT","it-IT","Italian (Italy)","00000410"
"Italian - Switzerland","it-CH","it-CH","Italian (Switzerland)","00000410"
"Japanese - Japan","ja-JP","ja-JP","Japanese (Japan)","00000411"
"Kannada - India (Kannada Script)","kn-IN","kn-IN","Kannada (India)","0000044b"
"Kazakh - Kazakhstan","kk-KZ","kk-KZ","Kazakh (Kazakhstan)","0000043f"
"Khmer - Cambodia","km-KH","km-KH","Khmer (Cambodia)","00000453"
"K'iche - Guatemala","qut-GT","qut-GT","K'iche (Guatemala)","00000486"
"Kinyarwanda - Rwanda","rw-RW","rw-RW","Kinyarwanda (Rwanda)","00000487"
"Swahili - Kenya","sw-KE","sw-KE","Kiswahili (Kenya)","00000441"
"Konkani - India","kok-IN","kok-IN","Konkani (India)","00000457"
"Korean(Extended Wansung) - Korea","ko-KR","ko-KR","Korean (Korea)","00000412"
"Kyrgyz - Kyrgyzstan","ky-KG","ky-KG","Kyrgyz (Kyrgyzstan)","00000440"
"Lao - Lao PDR","lo-LA","lo-LA","Lao (Lao P.D.R.)","00000454"
"Latvian - Latvia","lv-LV","lv-LV","Latvian (Latvia)","00010426"
"Lithuanian - Lithuania","lt-LT","lt-LT","Lithuanian (Lithuania)","00010427"
"Lower Sorbian - Germany","dsb-DE","dsb-DE","Lower Sorbian (Germany)","0000042e"
"Luxembourgish - Luxembourg","lb-LU","lb-LU","Luxembourgish (Luxembourg)","0000046e"
"Macedonian - Macedonia, FYRO","mk-MK","mk-MK","Macedonian, FYRO","0000042f"
"Malay - Brunei","ms-BN","ms-BN","Malay (Brunei Darussalam)","0000043e"
"Malay - Malaysia","ms-MY","ms-MY","Malay (Malaysia)","0000043e"
"Malayalam - India (Malayalam Script)","ml-IN","ml-IN","Malayalam (India)","0000044c"
"Maltese - Malta","mt-MT","mt-MT","Maltese (Malta)","0000043a"
"Maori - New Zealand","mi-NZ","mi-NZ","Maori (New Zealand)","00000481"
"Mapudungun - Chile","arn-CL","arn-CL","Mapudungun (Chile)","0000047a"
"Marathi - India","mr-IN","mr-IN","Marathi (India)","0000044e"
"Mohawk - Mohawk","moh-CA","moh-CA","Mohawk (Mohawk)","0000047c"
"Mongolian (Cyrillic) - Mongolia","mn-MN","mn-MN","Mongolian (Cyrillic, Mongolia)","00000450"
"Mongolian (Mongolian) - PRC","mn-Mong-CN","mn-Mong-CN","Mongolian (Traditional Mongolian, PRC)","00000450"
"Nepali - Nepal","ne-NP","ne-NP","Nepali (Nepal)","00000461"
"Norwegian - Norway (Bokm?l)","nb-NO","nb-NO","Norwegian, Bokm?l (Norway)","00000414"
"Norwegian - Norway (Nynorsk)","nn-NO","nn-NO","Norwegian, Nynorsk (Norway)","00000414"
"Occitan - France","oc-FR","oc-FR","Occitan (France)","00000482"
"Odia - India (Odia Script)","or-IN","or-IN","Odia (India)","00000448"
"Pashto - Afghanistan","ps-AF","ps-AF","Pashto (Afghanistan)","00000463"
"Persian - Iran","fa-IR","fa-IR","Persian","00000429"
"Polish - Poland","pl-PL","pl-PL","Polish (Poland)","00000415"
"Portuguese - Brazil","pt-BR","pt-BR","Portuguese (Brazil)","00000416"
"Portuguese - Portugal","pt-PT","pt-PT","Portuguese (Portugal)","00000416"
"Punjabi - India (Gurmukhi Script)","pa-IN","pa-IN","Punjabi (India)","00000446"
"Quechua - Bolivia","quz-BO","quz-BO","Quechua (Bolivia)","0000046b"
"Quechua - Ecuador","quz-EC","quz-EC","Quechua (Ecuador)","0000046b"
"Quechua - Peru","quz-PE","quz-PE","Quechua (Peru)","0000046b"
"Romanian - Romania","ro-RO","ro-RO","Romanian (Romania)","00010418"
"Romansh - Switzerland","rm-CH","rm-CH","Romansh (Switzerland)","00000417"
"Russian - Russia","ru-RU","ru-RU","Russian (Russia)","00000419"
"Inari Sami - Finland","smn-FI","smn-FI","Sami, Inari (Finland)","0000043b"
"Lule Sami - Norway","smj-NO","smj-NO","Sami, Lule (Norway)","0000043b"
"Lule Sami - Sweden","smj-SE","smj-SE","Sami, Lule (Sweden)","0000043b"
"Northern Sami - Finland","se-FI","se-FI","Sami, Northern (Finland)","0000043b"
"Northern Sami - Norway","se-NO","se-NO","Sami, Northern (Norway)","0000043b"
"Northern Sami - Sweden","se-SE","se-SE","Sami, Northern (Sweden)","0000043b"
"Skolt Sami - Finland","sms-FI","sms-FI","Sami, Skolt (Finland)","0000043b"
"Southern Sami - Norway","sma-NO","sma-NO","Sami, Southern (Norway)","0000043b"
"Southern Sami - Sweden","sma-SE","sma-SE","Sami, Southern (Sweden)","0000043b"
"Sanskrit - India","sa-IN","sa-IN","Sanskrit (India)","0000044f"
"Serbian (Cyrillic)","sr-Cyrl-BA","sr-Cyrl-BA","Serbian (Cyrillic)","0000081a"
"Serbian - Serbia and Montenegro (Cyrillic)","sr-Cyrl-RS","sr-Cyrl-RS","Serbian (Cyrillic, Serbia and Montenegro)","0000081a"
"Serbian (Latin)","sr-Latn-BA","sr-Latn-BA","Serbian (Latin)","0000081a"
"Serbian - Serbia and Montenegro (Latin)","sr-Latn-RS","sr-Latn-RS","Serbian (Latin, Serbia and Montenegro)","0000081a"
"Sesotho sa Leboa / Northern Sotho - South Africa","nso-ZA","nso-ZA","Sesotho sa Leboa (South Africa)","0000046c"
"Setswana / Tswana - South Africa","tn-ZA","tn-ZA","Setswana (South Africa)","00000432"
"Sinhala - Sri Lanka","si-LK","si-LK","Sinhala (Sri Lanka)","0000045b"
"Slovak - Slovakia","sk-SK","sk-SK","Slovak (Slovakia)","0000041b"
"Slovenian - Slovenia","sl-SI","sl-SI","Slovenian (Slovenia)","00000424"
"Spanish - Argentina","es-AR","es-AR","Spanish (Argentina)","0000040a"
"Spanish - Bolivia","es-BO","es-BO","Spanish (Bolivia)","0000040a"
"Spanish - Chile","es-CL","es-CL","Spanish (Chile)","0000040a"
"Spanish - Colombia","es-CO","es-CO","Spanish (Colombia)","0000040a"
"Spanish - Costa Rica","es-CR","es-CR","Spanish (Costa Rica)","0000040a"
"Spanish - Dominican Republic","es-DO","es-DO","Spanish (Dominican Republic)","0000040a"
"Spanish - Ecuador","es-EC","es-EC","Spanish (Ecuador)","0000040a"
"Spanish - El Salvador","es-SV","es-SV","Spanish (El Salvador)","0000040a"
"Spanish - Guatemala","es-GT","es-GT","Spanish (Guatemala)","0000040a"
"Spanish - Honduras","es-HN","es-HN","Spanish (Honduras)","0000040a"
"Spanish - Mexico","es-MX","es-MX","Spanish (Mexico)","0000040a"
"Spanish - Nicaragua","es-NI","es-NI","Spanish (Nicaragua)","0000040a"
"Spanish - Panama","es-PA","es-PA","Spanish (Panama)","0000040a"
"Spanish - Paraguay","es-PY","es-PY","Spanish (Paraguay)","0000040a"
"Spanish - Peru","es-PE","es-PE","Spanish (Peru)","0000040a"
"Spanish - Puerto Rico","es-PR","es-PR","Spanish (Puerto Rico)","0000040a"
"Spanish - Spain (International Sort)","es-ES","es-ES","Spanish (Spain, International Sort)","0000040a"
"Spanish - Spain (Traditional Sort)","es-ES_tradnl","es-ES_tradnl","Spanish (Spain, Traditional Sort)","0000040a"
"Spanish - United States","es-US","es-US","Spanish (United States)","0000040a"
"Spanish - Uruguay","es-UY","es-UY","Spanish (Uruguay)","0000040a"
"Spanish - Venezuela","es-VE","es-VE","Spanish (Venezuela)","0000040a"
"Swedish - Finland","sv-FI","sv-FI","Swedish (Finland)","0000041d"
"Swedish - Sweden","sv-SE","sv-SE","Swedish (Sweden)","0000041d"
"Syriac - Syria","syr-SY","syr-SY","Syriac (Syria)","0000045a"
"Tajik - Tajikistan","tg-Cyrl-TJ","tg-Cyrl-TJ","Tajik (Cyrillic, Tajikistan)","00000428"
"Tamazight (Latin) - Algeria","tzm-Latn-DZ","tzm-Latn-DZ","Tamazight (Latin, Algeria)","0000085f"
"Tamil - India","ta-IN","ta-IN","Tamil (India)","00000449"
"Tatar - Russia","tt-RU","tt-RU","Tatar (Russia)","00000444"
"Telugu - India (Telugu Script)","te-IN","te-IN","Telugu (India)","0000044a"
"Thai - Thailand","th-TH","th-TH","Thai (Thailand)","00000409"
"Tibetan - PRC","bo-CN","bo-CN","Tibetan (PRC)","00000851"
"Turkish - Turkey","tr-TR","tr-TR","Turkish (Turkey)","0000041f"
"Turkmen - Turkmenistan","tk-TM","tk-TM","Turkmen (Turkmenistan)","00000442"
"Uighur - PRC","ug-CN","ug-CN","Uighur (PRC)","00000480"
"Ukrainian - Ukraine","uk-UA","uk-UA","Ukrainian (Ukraine)","00000422"
"Upper Sorbian - Germany","wen-DE","wen-DE","Upper Sorbian (Germany)","0000042e"
"Urdu - Pakistan","ur-PK","ur-PK","Urdu (Islamic Republic of Pakistan)","00000420"
"Uzbek - Uzbekistan (Cyrillic)","uz-Cyrl-UZ","uz-Cyrl-UZ","Uzbek (Cyrillic, Uzbekistan)","00000443"
"Uzbek - Uzbekistan (Latin)","uz-Latn-UZ","uz-Latn-UZ","Uzbek (Latin, Uzbekistan)","00000443"
"Vietnamese - Vietnam","vi-VN","vi-VN","Vietnamese (Vietnam)","0000042a"
"Welsh - United Kingdom","cy-GB","cy-GB","Welsh (United Kingdom)","00000452"
"Wolof - Senegal","wo-SN","wo-SN","Wolof (Senegal)","00000488"
"Yakut - Russia","sah-RU","sah-RU","Yakut (Russia)","00000485"
"Yi - PRC","ii-CN","ii-CN","Yi (PRC)","00000478"
"Yoruba - Nigeria","yo-NG","yo-NG","Yoruba (Nigeria)","0000046a"
