﻿<?xml version="1.0" encoding="utf-8"?>
<Wizard>
  <DLLs>
    <DLL Name="OSDRefreshWizard.dll" />
    <DLL Name="SharedPages.dll" />
  </DLLs>
  <Style>
    <Setter Property="bannerFilename">OSD_Wizard_Banner.bmp</Setter>
    <Setter Property="title">Operating System Deployment (OSD) Wizard</Setter>
  </Style>
  <Pages>
    <Page Name="VolumePage" DisplayName="Volume" Type="Microsoft.OSDRefresh.VolumePage">
      <Fields>
        <Field Name="Image" Enabled="true" VarName="OSDImageName" Summary="Image Selection:" />
        <Field Name="Volume" Enabled="true" Summary="NOT USED" />
        <Field Name="Directory" Enabled="false" Summary="" />
        <Field Name="Format" Enabled="false" VarName="NOT USED" Summary="Format:" />
      </Fields>
      <Setter Property="MinimumVolumeSize">10</Setter>
      <Setter Property="FormatWinPE">NOT USED</Setter>
      <Setter Property="FormatFullOS">NOT USED</Setter>
      <Setter Property="FormatWinPEWarning">NOT USED</Setter>
      <Setter Property="FormatFullOSWarning">NOT USED</Setter>
      <Data Name="ImageSelection">
        <DataItem>
          <Setter Property="DisplayName">Windows 11 24H2 Display Name</Setter>
          <Setter Property="Index">1</Setter>
          <Setter Property="Architecture">amd64</Setter>
          <Setter Property="ImageName">Windows 11 24H2 Base OS</Setter>
        </DataItem>
      </Data>
    </Page>
    <Page Name="ComputerPage" DisplayName="New Computer Details" Type="Microsoft.OSDRefresh.ComputerPage">
      <Fields>
        <RadioGroup Name="DomainGroup" Locked="false">
          <Default>Domain</Default>
        </RadioGroup>
        <Field Name="ComputerName" Enabled="true" VarName="OSDComputerName" Summary="Computer Name:">
          <Default>ComputerNameDefaultValue</Default>
        </Field>
        <Field Name="DomainCombo" Enabled="true" VarName="OSDDomainName">
          <Default>ContosoDomainComboBoxDefaultValue</Default>
        </Field>
        <Field Name="DomainOUCombo" Enabled="true" VarName="OSDDomainOUName">
          <Default>NW Sales</Default>
        </Field>
        <Field Name="WorkgroupName" Enabled="true" VarName="OSDWorkgroupName" Summary="Workgroup:">
          <Default>WorkgroupDefaultValue</Default>
        </Field>
        <Field Name="Username" Enabled="true" VarName="OSDJoinAccount" Summary="Join Domain Account:">
          <Default>DomainJoin\UsernameDefaultValue</Default>
        </Field>
        <Field Name="Password" Enabled="true" VarName="OSDJoinPassword" Summary="">
          <Default>%DomainJoinPasswordDefaultValue%</Default>
        </Field>
      </Fields>
      <Setter Property="UseExistingComputerName" />
      <Setter Property="ADComputerObjectCheck" />
      <Setter Property="ADCredentialCheck" />
      <Data Name="Domain">
        <DataItem>
          <Setter Property="DisplayName">Contoso.Local</Setter>
          <Setter Property="Domain">Contoso.Local</Setter>
          <Data Name="OrganizationalUnits">
            <DataItem>
              <Setter Property="DisplayName">NW Sales</Setter>
              <Setter Property="OU">OU=Computers,OU=Sales,OU=NW,DC=Contoso,DC=Local</Setter>
            </DataItem>
            <DataItem>
              <Setter Property="DisplayName">East Computers</Setter>
              <Setter Property="OU">OU=Computers,OU=East,OU=IU,DC=Contoso,DC=Local</Setter>
            </DataItem>
          </Data>
        </DataItem>
      </Data>
    </Page>
    <Page Name="AdminAccounts" DisplayName="Administrator Password" Type="Microsoft.SharedPages.AdminAccountsPage">
      <Fields>
        <Field Name="Username" Enabled="false" VarName="NOT USED" Summary="NOT USED">
          <Default>NOT USED</Default>
        </Field>
        <Field Name="Password" Enabled="true" VarName="OSDLocalAdminPassword" Summary="">
          <Default>%AdminPasswordDefaultValue%</Default>
          <Validator Type="Microsoft.Wizard.Validation.NonEmpty">
            <Setter Property="Message">Password is required. Please enter the password.</Setter>
          </Validator>
        </Field>
      </Fields>
    </Page>
    <Page Name="LanguagePage" DisplayName="Language" Type="Microsoft.OSDRefresh.LanguagePage">
      <Fields>
        <Field Name="LanguagePack" Enabled="true" VarName="OSDWindowsSettingsUILanguage" Summary="Language Pack:">
          <Default>EN-US</Default>
        </Field>
        <Field Name="InputLocale" Enabled="true" VarName="OSDWindowsSettingsUserLocale" Summary="Locale:">
          <Default>en-ZW</Default>
        </Field>
        <Field Name="KeyboardLocale" Enabled="true" VarName="OSDWindowsSettingsInputLocale" Summary="Keyboard Locale:">
          <Default>00000409</Default>
        </Field>
        <Field Name="TimeZone" Enabled="true" VarName="OSDTimeZone" Summary="Time Zone:">
          <Default>Pacific Standard Time</Default>
        </Field>
      </Fields>
      <Data Name="LanguagePacks">
        <DataItem>
          <Setter Property="DisplayName">English (United States)</Setter>
          <Setter Property="Language">EN-US</Setter>
        </DataItem>
        <DataItem>
          <Setter Property="DisplayName">Bulgarian (Bulgaria)</Setter>
          <Setter Property="Language">BG-BG</Setter>
        </DataItem>
      </Data>
    </Page>
    <Page Name="BitLocker" DisplayName="BitLocker" Type="Microsoft.OSDRefresh.BitLockerPage">
      <Fields>
        <RadioGroup Name="LocationGroup" Locked="true" />
        <!-- Valid values: TPM,TPMPIN,TPMKey and ExternalKey-->
        <RadioGroup Name="BitLockerRadioGroup" Locked="true" />
        <Field Name="BitLocker" Enabled="true" VarName="OSDBitLockerMode" Summary="">
          <Default>True</Default>
        </Field>
        <Field Name="PIN" Enabled="false" VarName="NOT USED" Summary="" />
        <Field Name="WaitForEncryption" Enabled="false" VarName="NOT USED" Summary="" />
      </Fields>
      <Setter Property="KeyLocation">NOT USED</Setter>
    </Page>
    <Page Name="ApplicationPage" DisplayName="Applications" Type="Microsoft.OSDRefresh.ApplicationPage">
      <Setter Property="TsAppInstall">AppInstall</Setter>
      <Setter Property="Link.Uri">%temp%\AppDiscoveryresult.xml.app</Setter>
      <Setter Property="TsAppBaseVariable">PACKAGES</Setter>
      <Setter Property="TsApplicationBaseVariable">APPLICATIONS</Setter>
      <Setter Property="TsWindowsAppPackageAppBaseVariable">WINDOWSAPPPACKAGEAPPS</Setter>
    </Page>
    <Page Name="PreflightPageView" DisplayName="Configuration Scan" Type="Microsoft.OSDRefresh.ConfigScanPage">
      <Tasks NameTitle="Configuration Check Name" StatusTitle="Status">
        <Task DisplayName="AC Power Check - All validators are ignored" Type="Microsoft.OSDRefresh.ACPowerTask">
          <Setter Property="BitmapFilename">images\ACPower.bmp</Setter>
          <ExitCodes>
            <ExitCode State="Success" Type="0" Value="0" Text="" />
            <ExitCode State="Error" Type="-1" Value="*" Text="No AC power detected. Please plug in to power." />
          </ExitCodes>
        </Task>
      </Tasks>
    </Page>
  </Pages>
  <StageGroups>
    <StageGroup DisplayName="New Computer">
      <Stage Name="NEWCOMPUTER" DisplayName="New Computer">
        <PageRef Page="BitLocker" />
        <PageRef Page="VolumePage" />
        <PageRef Page="ComputerPage" />
        <PageRef Page="AdminAccounts" />
        <PageRef Page="LanguagePage" />
        <PageRef Page="PreflightPageView" />
        <PageRef Page="ApplicationPage" />
      </Stage>
    </StageGroup>
  </StageGroups>
</Wizard>