"RefName","SNAME","SSPECIFICCULTURE","SENGDISPLAYNAME"
"Afrikaans - South Africa","af-ZA","af-ZA","Afrikaans (South Africa)"
"Albanian - Albania","sq-AL","sq-AL","Albanian (Albania)"
"Alsatian - France","gsw-FR","gsw-FR","Alsatian (France)"
"Amharic - Ethiopia","am-ET","am-ET","Amharic (Ethiopia)"
"Arabic - Algeria","ar-DZ","ar-DZ","Arabic (Algeria)"
"Arabic - Bahrain","ar-BH","ar-BH","Arabic (Bahrain)"
"Arabic - Egypt","ar-EG","ar-EG","Arabic (Egypt)"
"Arabic - Iraq","ar-IQ","ar-IQ","Arabic (Iraq)"
"Arabic - Jordan","ar-JO","ar-JO","Arabic (Jordan)"
"Arabic - Kuwait","ar-KW","ar-KW","Arabic (Kuwait)"
"Arabic - Lebanon","ar-LB","ar-LB","Arabic (Lebanon)"
"Arabic - Libya","ar-LY","ar-LY","Arabic (Libya)"
"Arabic - Morocco","ar-MA","ar-MA","Arabic (Morocco)"
"Arabic - Oman","ar-OM","ar-OM","Arabic (Oman)"
"Arabic - Qatar","ar-QA","ar-QA","Arabic (Qatar)"
"Arabic - Saudi Arabia","ar-SA","ar-SA","Arabic (Saudi Arabia)"
"Arabic - Syria","ar-SY","ar-SY","Arabic (Syria)"
"Arabic - Tunisia","ar-TN","ar-TN","Arabic (Tunisia)"
"Arabic - U.A.E.","ar-AE","ar-AE","Arabic (U.A.E.)"
"Arabic - Yemen","ar-YE","ar-YE","Arabic (Yemen)"
"Armenian - Armenia","hy-AM","hy-AM","Armenian (Armenia)"
"Assamese - India","as-IN","as-IN","Assamese (India)"
"Azerbaijani - Azerbaijan (Cyrillic)","az-Cyrl-AZ","az-Cyrl-AZ","Azerbaijani (Cyrillic, Azerbaijan)"
"Azerbaijani - Azerbaijan (Latin)","az-Latn-AZ","az-Latn-AZ","Azerbaijani (Latin, Azerbaijan)"
"Bashkir - Russia","ba-RU","ba-RU","Bashkir (Russia)"
"Basque - Basque","eu-ES","eu-ES","Basque (Basque)"
"Belarusian - Belarus","be-BY","be-BY","Belarusian (Belarus)"
"Bangla - Bangladesh","bn-BD","bn-BD","Bangla (Bangladesh)"
"Bangla - India (Bangla Script)","bn-IN","bn-IN","Bangla (India)"
"Bosnian - Bosnia (Cyrillic)","bs-Cyrl-BA","bs-Cyrl-BA","Bosnian (Cyrillic)"
"Bosnian (Latin)","bs-Latn-BA","bs-Latn-BA","Bosnian (Latin)"
"Breton - France","br-FR","br-FR","Breton (France)"
"Bulgarian - Bulgaria","bg-BG","bg-BG","Bulgarian (Bulgaria)"
"Catalan - Catalan","ca-ES","ca-ES","Catalan (Catalan)"
"Chinese - Hong Kong","zh-HK","zh-HK","Chinese (Hong Kong S.A.R.)"
"Chinese - Macao","zh-MO","zh-MO","Chinese (Macao S.A.R.)"
"Chinese - PRC","zh-CN","zh-CN","Chinese (PRC)"
"Chinese - Simplified","zh-Hans","zh-Hans","Chinese (Simplified)"
"Chinese - Singapore","zh-SG","zh-SG","Chinese (Singapore)"
"Chinese - Taiwan","zh-TW","zh-TW","Chinese (Taiwan)"
"Chinese - Traditional","zh-Hant","zh-Hant","Chinese (Traditional)"
"Corsican - France","co-FR","co-FR","Corsican (France)"
"Croatian - Croatia","hr-HR","hr-HR","Croatian (Croatia)"
"Croatian","hr-BA","hr-BA","Croatian (Latin)"
"Czech - Czech Republic","cs-CZ","cs-CZ","Czech (Czech Republic)"
"Danish - Denmark","da-DK","da-DK","Danish (Denmark)"
"Dari - Afghanistan","prs-AF","prs-AF","Dari (Afghanistan)"
"Divehi - Maldives","dv-MV","dv-MV","Divehi (Maldives)"
"Dutch - Belgium","nl-BE","nl-BE","Dutch (Belgium)"
"Dutch - Netherlands","nl-NL","nl-NL","Dutch (Netherlands)"
"English - Australia","en-AU","en-AU","English (Australia)"
"English - Belize","en-BZ","en-BZ","English (Belize)"
"English - Canada","en-CA","en-CA","English (Canada)"
"English - Caribbean","en-029","en-029","English (Caribbean)"
"English - India","en-IN","en-IN","English (India)"
"English - Ireland","en-IE","en-IE","English (Ireland)"
"English - Jamaica","en-JM","en-JM","English (Jamaica)"
"English - Malaysia","en-MY","en-MY","English (Malaysia)"
"English - New Zealand","en-NZ","en-NZ","English (New Zealand)"
"English - Philippines","en-PH","en-PH","English (Republic of the Philippines)"
"English - Singapore","en-SG","en-SG","English (Singapore)"
"English - South Africa","en-ZA","en-ZA","English (South Africa)"
"English - Trinidad","en-TT","en-TT","English (Trinidad and Tobago)"
"English - United Kingdom","en-GB","en-GB","English (United Kingdom)"
"English - United States","en-US","en-US","English (United States)"
"English - Zimbabwe","en-ZW","en-ZW","English (Zimbabwe)"
"Estonian - Estonia","et-EE","et-EE","Estonian (Estonia)"
"Faroese - Faroe Islands","fo-FO","fo-FO","Faroese (Faroe Islands)"
"Filipino - Philippines","fil-PH","fil-PH","Filipino (Philippines)"
"Finnish - Finland","fi-FI","fi-FI","Finnish (Finland)"
"French - Belgium","fr-BE","fr-BE","French (Belgium)"
"French - Canada","fr-CA","fr-CA","French (Canada)"
"French - France","fr-FR","fr-FR","French (France)"
"French - Luxembourg","fr-LU","fr-LU","French (Luxembourg)"
"French - Monaco","fr-MC","fr-MC","French (Monaco)"
"French - Switzerland","fr-CH","fr-CH","French (Switzerland)"
"Frisian - Netherlands","fy-NL","fy-NL","Frisian (Netherlands)"
"Galician - Galician","gl-ES","gl-ES","Galician (Galician)"
"Georgian - Georgia","ka-GE","ka-GE","Georgian (Georgia)"
"German - Austria","de-AT","de-AT","German (Austria)"
"German - Germany","de-DE","de-DE","German (Germany)"
"German - Liechtenstein","de-LI","de-LI","German (Liechtenstein)"
"German - Luxembourg","de-LU","de-LU","German (Luxembourg)"
"German - Switzerland","de-CH","de-CH","German (Switzerland)"
"Greek - Greece","el-GR","el-GR","Greek (Greece)"
"Greenlandic - Greenland","kl-GL","kl-GL","Greenlandic (Greenland)"
"Gujarati - India (Gujarati Script)","gu-IN","gu-IN","Gujarati (India)"
"Hausa (Latin) - Nigeria","ha-Latn-NG","ha-Latn-NG","Hausa (Latin, Nigeria)"
"Hebrew - Israel","he-IL","he-IL","Hebrew (Israel)"
"Hindi - India","hi-IN","hi-IN","Hindi (India)"
"Hungarian - Hungary","hu-HU","hu-HU","Hungarian (Hungary)"
"Icelandic - Iceland","is-IS","is-IS","Icelandic (Iceland)"
"Igbo - Nigeria","ig-NG","ig-NG","Igbo (Nigeria)"
"Indonesian - Indonesia","id-ID","id-ID","Indonesian (Indonesia)"
"Inuktitut (Latin) - Canada","iu-Latn-CA","iu-Latn-CA","Inuktitut (Latin, Canada)"
"Inuktitut (Syllabics) - Canada","iu-Cans-CA","iu-Cans-CA","Inuktitut (Syllabics, Canada)"
"Irish - Ireland","ga-IE","ga-IE","Irish (Ireland)"
"isiXhosa / Xhosa - South Africa","xh-ZA","xh-ZA","isiXhosa (South Africa)"
"isiZulu / Zulu - South Africa","zu-ZA","zu-ZA","isiZulu (South Africa)"
"Italian - Italy","it-IT","it-IT","Italian (Italy)"
"Italian - Switzerland","it-CH","it-CH","Italian (Switzerland)"
"Japanese - Japan","ja-JP","ja-JP","Japanese (Japan)"
"Kannada - India (Kannada Script)","kn-IN","kn-IN","Kannada (India)"
"Kazakh - Kazakhstan","kk-KZ","kk-KZ","Kazakh (Kazakhstan)"
"Khmer - Cambodia","km-KH","km-KH","Khmer (Cambodia)"
"K'iche - Guatemala","qut-GT","qut-GT","K'iche (Guatemala)"
"Kinyarwanda - Rwanda","rw-RW","rw-RW","Kinyarwanda (Rwanda)"
"Swahili - Kenya","sw-KE","sw-KE","Kiswahili (Kenya)"
"Konkani - India","kok-IN","kok-IN","Konkani (India)"
"Korean(Extended Wansung) - Korea","ko-KR","ko-KR","Korean (Korea)"
"Kyrgyz - Kyrgyzstan","ky-KG","ky-KG","Kyrgyz (Kyrgyzstan)"
"Lao - Lao PDR","lo-LA","lo-LA","Lao (Lao P.D.R.)"
"Latvian - Latvia","lv-LV","lv-LV","Latvian (Latvia)"
"Lithuanian - Lithuania","lt-LT","lt-LT","Lithuanian (Lithuania)"
"Lower Sorbian - Germany","dsb-DE","dsb-DE","Lower Sorbian (Germany)"
"Luxembourgish - Luxembourg","lb-LU","lb-LU","Luxembourgish (Luxembourg)"
"Macedonian - Macedonia, FYRO","mk-MK","mk-MK","Macedonian, FYRO"
"Malay - Brunei","ms-BN","ms-BN","Malay (Brunei Darussalam)"
"Malay - Malaysia","ms-MY","ms-MY","Malay (Malaysia)"
"Malayalam - India (Malayalam Script)","ml-IN","ml-IN","Malayalam (India)"
"Maltese - Malta","mt-MT","mt-MT","Maltese (Malta)"
"Maori - New Zealand","mi-NZ","mi-NZ","Maori (New Zealand)"
"Mapudungun - Chile","arn-CL","arn-CL","Mapudungun (Chile)"
"Marathi - India","mr-IN","mr-IN","Marathi (India)"
"Mohawk - Mohawk","moh-CA","moh-CA","Mohawk (Mohawk)"
"Mongolian (Cyrillic) - Mongolia","mn-MN","mn-MN","Mongolian (Cyrillic, Mongolia)"
"Mongolian (Mongolian) - PRC","mn-Mong-CN","mn-Mong-CN","Mongolian (Traditional Mongolian, PRC)"
"Nepali - Nepal","ne-NP","ne-NP","Nepali (Nepal)"
"Norwegian - Norway (Bokm?l)","nb-NO","nb-NO","Norwegian, Bokm?l (Norway)"
"Norwegian - Norway (Nynorsk)","nn-NO","nn-NO","Norwegian, Nynorsk (Norway)"
"Occitan - France","oc-FR","oc-FR","Occitan (France)"
"Odia - India (Odia Script)","or-IN","or-IN","Odia (India)"
"Pashto - Afghanistan","ps-AF","ps-AF","Pashto (Afghanistan)"
"Persian - Iran","fa-IR","fa-IR","Persian"
"Polish - Poland","pl-PL","pl-PL","Polish (Poland)"
"Portuguese - Brazil","pt-BR","pt-BR","Portuguese (Brazil)"
"Portuguese - Portugal","pt-PT","pt-PT","Portuguese (Portugal)"
"Punjabi - India (Gurmukhi Script)","pa-IN","pa-IN","Punjabi (India)"
"Quechua - Bolivia","quz-BO","quz-BO","Quechua (Bolivia)"
"Quechua - Ecuador","quz-EC","quz-EC","Quechua (Ecuador)"
"Quechua - Peru","quz-PE","quz-PE","Quechua (Peru)"
"Romanian - Romania","ro-RO","ro-RO","Romanian (Romania)"
"Romansh - Switzerland","rm-CH","rm-CH","Romansh (Switzerland)"
"Russian - Russia","ru-RU","ru-RU","Russian (Russia)"
"Inari Sami - Finland","smn-FI","smn-FI","Sami, Inari (Finland)"
"Lule Sami - Norway","smj-NO","smj-NO","Sami, Lule (Norway)"
"Lule Sami - Sweden","smj-SE","smj-SE","Sami, Lule (Sweden)"
"Northern Sami - Finland","se-FI","se-FI","Sami, Northern (Finland)"
"Northern Sami - Norway","se-NO","se-NO","Sami, Northern (Norway)"
"Northern Sami - Sweden","se-SE","se-SE","Sami, Northern (Sweden)"
"Skolt Sami - Finland","sms-FI","sms-FI","Sami, Skolt (Finland)"
"Southern Sami - Norway","sma-NO","sma-NO","Sami, Southern (Norway)"
"Southern Sami - Sweden","sma-SE","sma-SE","Sami, Southern (Sweden)"
"Sanskrit - India","sa-IN","sa-IN","Sanskrit (India)"
"Serbian (Cyrillic)","sr-Cyrl-BA","sr-Cyrl-BA","Serbian (Cyrillic)"
"Serbian - Serbia and Montenegro (Cyrillic)","sr-Cyrl-RS","sr-Cyrl-RS","Serbian (Cyrillic, Serbia and Montenegro)"
"Serbian (Latin)","sr-Latn-BA","sr-Latn-BA","Serbian (Latin)"
"Serbian - Serbia and Montenegro (Latin)","sr-Latn-RS","sr-Latn-RS","Serbian (Latin, Serbia and Montenegro)"
"Sesotho sa Leboa / Northern Sotho - South Africa","nso-ZA","nso-ZA","Sesotho sa Leboa (South Africa)"
"Setswana / Tswana - South Africa","tn-ZA","tn-ZA","Setswana (South Africa)"
"Sinhala - Sri Lanka","si-LK","si-LK","Sinhala (Sri Lanka)"
"Slovak - Slovakia","sk-SK","sk-SK","Slovak (Slovakia)"
"Slovenian - Slovenia","sl-SI","sl-SI","Slovenian (Slovenia)"
"Spanish - Argentina","es-AR","es-AR","Spanish (Argentina)"
"Spanish - Bolivia","es-BO","es-BO","Spanish (Bolivia)"
"Spanish - Chile","es-CL","es-CL","Spanish (Chile)"
"Spanish - Colombia","es-CO","es-CO","Spanish (Colombia)"
"Spanish - Costa Rica","es-CR","es-CR","Spanish (Costa Rica)"
"Spanish - Dominican Republic","es-DO","es-DO","Spanish (Dominican Republic)"
"Spanish - Ecuador","es-EC","es-EC","Spanish (Ecuador)"
"Spanish - El Salvador","es-SV","es-SV","Spanish (El Salvador)"
"Spanish - Guatemala","es-GT","es-GT","Spanish (Guatemala)"
"Spanish - Honduras","es-HN","es-HN","Spanish (Honduras)"
"Spanish - Mexico","es-MX","es-MX","Spanish (Mexico)"
"Spanish - Nicaragua","es-NI","es-NI","Spanish (Nicaragua)"
"Spanish - Panama","es-PA","es-PA","Spanish (Panama)"
"Spanish - Paraguay","es-PY","es-PY","Spanish (Paraguay)"
"Spanish - Peru","es-PE","es-PE","Spanish (Peru)"
"Spanish - Puerto Rico","es-PR","es-PR","Spanish (Puerto Rico)"
"Spanish - Spain (International Sort)","es-ES","es-ES","Spanish (Spain, International Sort)"
"Spanish - Spain (Traditional Sort)","es-ES_tradnl","es-ES_tradnl","Spanish (Spain, Traditional Sort)"
"Spanish - United States","es-US","es-US","Spanish (United States)"
"Spanish - Uruguay","es-UY","es-UY","Spanish (Uruguay)"
"Spanish - Venezuela","es-VE","es-VE","Spanish (Venezuela)"
"Swedish - Finland","sv-FI","sv-FI","Swedish (Finland)"
"Swedish - Sweden","sv-SE","sv-SE","Swedish (Sweden)"
"Syriac - Syria","syr-SY","syr-SY","Syriac (Syria)"
"Tajik - Tajikistan","tg-Cyrl-TJ","tg-Cyrl-TJ","Tajik (Cyrillic, Tajikistan)"
"Tamazight (Latin) - Algeria","tzm-Latn-DZ","tzm-Latn-DZ","Tamazight (Latin, Algeria)"
"Tamil - India","ta-IN","ta-IN","Tamil (India)"
"Tatar - Russia","tt-RU","tt-RU","Tatar (Russia)"
"Telugu - India (Telugu Script)","te-IN","te-IN","Telugu (India)"
"Thai - Thailand","th-TH","th-TH","Thai (Thailand)"
"Tibetan - PRC","bo-CN","bo-CN","Tibetan (PRC)"
"Turkish - Turkey","tr-TR","tr-TR","Turkish (Turkey)"
"Turkmen - Turkmenistan","tk-TM","tk-TM","Turkmen (Turkmenistan)"
"Uighur - PRC","ug-CN","ug-CN","Uighur (PRC)"
"Ukrainian - Ukraine","uk-UA","uk-UA","Ukrainian (Ukraine)"
"Upper Sorbian - Germany","wen-DE","wen-DE","Upper Sorbian (Germany)"
"Urdu - Pakistan","ur-PK","ur-PK","Urdu (Islamic Republic of Pakistan)"
"Uzbek - Uzbekistan (Cyrillic)","uz-Cyrl-UZ","uz-Cyrl-UZ","Uzbek (Cyrillic, Uzbekistan)"
"Uzbek - Uzbekistan (Latin)","uz-Latn-UZ","uz-Latn-UZ","Uzbek (Latin, Uzbekistan)"
"Vietnamese - Vietnam","vi-VN","vi-VN","Vietnamese (Vietnam)"
"Welsh - United Kingdom","cy-GB","cy-GB","Welsh (United Kingdom)"
"Wolof - Senegal","wo-SN","wo-SN","Wolof (Senegal)"
"Yakut - Russia","sah-RU","sah-RU","Yakut (Russia)"
"Yi - PRC","ii-CN","ii-CN","Yi (PRC)"
"Yoruba - Nigeria","yo-NG","yo-NG","Yoruba (Nigeria)"
